﻿Label,Application,Cause Code,Resolution Code
true,Close Loop,Latency,Service Restart
true,Close Loop,Db Lock,Delete Quartz Table
true,Close Loop,Data Only Failures,Invoke Free ports end point
false,Close Loop,Latency,Invoke Free ports end point
true,Alert2.0,Service down,Restart Dispatch API
true,Alert2.0,Service down,Restart OR Communication API
true,Alert2.0,Latency,Restart service
true,CRM,Bridging Issue,Contact CRM dev team
true,CRM,Bridging Issue,Get PO number from DB
true,One Road,Payment not saved,Check task_payment